Company Name,Count,Date
Hải Vân Limousine (xehue.vn),3,14-03-2025
Cửa Ông Limousine,2,14-03-2025
Tân Quang Dũng Limousine,2,14-03-2025
Khang Vy Limousine,2,14-03-2025
Ba Thanh Limousine ,1,14-03-2025
Hạnh Cafe - Hà Phương Limousine,1,14-03-2025
Phúc Lâm,1,14-03-2025
Gia Phát Car,1,14-03-2025
Trường Phát,1,14-03-2025
Hoàng Phúc,1,14-03-2025
Trâm Jet,1,14-03-2025
Barri Ann Travel,1,14-03-2025
VietNam Explore,1,14-03-2025
Bảo Ngọc (Đà Nẵng),1,14-03-2025
Quốc Cường (Đà Nẵng),1,14-03-2025
Barri Ann Travel,2,15-03-2025
Cửa Ông Limousine,2,15-03-2025
Hải Vân Limousine (xehue.vn),2,15-03-2025
Khang Vy Limousine,2,15-03-2025
Ba Thanh Limousine ,1,15-03-2025
Hạnh Cafe - Hà Phương Limousine,1,15-03-2025
Phúc Lâm,1,15-03-2025
Gia Phát Car,1,15-03-2025
Trường Phát,1,15-03-2025
Hoàng Phúc,1,15-03-2025
Trâm Jet,1,15-03-2025
VietNam Explore,1,15-03-2025
Tân Quang Dũng Limousine,1,15-03-2025
Bảo Ngọc (Đà Nẵng),1,15-03-2025
Quốc Cường (Đà Nẵng),1,15-03-2025
Total,39,
